;Client_ID;Age;Region;Secteur_Activite;Revenu_Mensuel;Montant_Credit;Duree_Mois;Taux_Interet;Nb_Credits_Anterieurs;Garantie;Retard_Paiement_Jours;Statut_Credit
0;CLI0001;60;Thiès;Agriculture;395000;5000000;60;15,89;4;Immobilière;2;Douteux
1;CLI0002;50;Dakar;Agriculture;489000;500000;36;16,92;2;;4;Douteux
2;CLI0003;36;Ziguinchor;BTP;495000;500000;12;12,34;1;Immobilière;30;Bon
3;CLI0004;64;Kaolack;Services;734000;500000;36;17,1;2;Mobilière;39;Douteux
4;CLI0005;29;Dakar;Agriculture;433000;1000000;12;11,77;4;Mobilière;8;Bon
5;CLI0006;;Ziguinchor;Industrie;12000000;1000000;48;17,64;1;Mobilière;1;Bon
6;CLI0007;60;Dakar;Agriculture;559000;1000000;36;8,89;2;Mobilière;1;Bon
7;CLI0008;40;Saint-Louis;Commerce;484000;10000000;48;14,87;5;Immobilière;13;Bon
8;CLI0009;44;Dakar;Commerce;370000;5000000;48;12,94;1;Immobilière;7;Bon
9;CLI0010;32;Dakar;Services;485000;5000000;24;11,88;0;Mobilière;0;Contentieux
10;CLI0011;32;Dakar;BTP;643000;2000000;12;14,33;2;Mobilière;13;Bon
11;CLI0012;45;Kaolack;Services;265000;1000000;60;15,04;1;Immobilière;0;Douteux
12;CLI0013;57;Dakar;Services;474000;10000000;12;8,04;5;Caution;23;Bon
13;CLI0014;61;Ziguinchor;Services;324000;10000000;60;9,67;1;Mobilière;5;Bon
14;CLI0015;45;Saint-Louis;Services;665000;5000000;12;15,13;1;Mobilière;1;Bon
15;CLI0016;24;Saint-Louis;Industrie;176000;1000000;48;14,66;5;Caution;13;Contentieux
16;CLI0017;43;Dakar;Industrie;349000;2000000;36;17,66;2;Immobilière;8;Douteux
17;CLI0018;23;Kaolack;Agriculture;518000;1000000;36;15,61;3;Immobilière;55;Contentieux
18;CLI0019;45;Kaolack;Commerce;732000;500000;24;17,51;2;Caution;12;Contentieux
19;CLI0020;51;Ziguinchor;Services;438000;1000000;60;15,03;4;Mobilière;5;Bon
20;CLI0021;59;Dakar;Agriculture;350000;500000;60;10,98;5;Mobilière;19;Bon
21;CLI0022;23;Saint-Louis;Commerce;789000;500000;60;9,05;2;Caution;5;Douteux
22;CLI0023;42;Kaolack;BTP;189000;2000000;48;15,82;1;Caution;35;Bon
23;CLI0024;54;Dakar;Industrie;54000;5000000;60;14,44;5;;7;Bon
24;CLI0025;33;Kaolack;Commerce;529000;1000000;36;8,48;0;Mobilière;12;Bon
25;CLI0026;43;Kaolack;BTP;360000;500000;48;11,6;2;Mobilière;1;Bon
26;CLI0027;46;Saint-Louis;Commerce;266000;1000000;12;17,57;5;Mobilière;8;Bon
27;CLI0028;48;Thiès;Industrie;578000;5000000;60;13;2;Immobilière;27;Bon
28;CLI0029;63;Ziguinchor;Industrie;494000;5000000;60;12,33;5;Mobilière;25;Bon
29;CLI0030;49;Ziguinchor;Agriculture;348000;10000000;12;12,58;1;Immobilière;4;Bon
30;CLI0031;37;Saint-Louis;Services;220000;5000000;60;10,09;0;;4;Bon
31;CLI0032;36;Kaolack;Commerce;;2000000;12;11,69;0;Mobilière;25;Bon
32;CLI0033;24;Dakar;Commerce;567000;500000;48;11,7;4;Mobilière;40;Douteux
33;CLI0034;58;Kaolack;BTP;432000;10000000;36;8,52;5;Immobilière;2;Bon
34;CLI0035;28;Saint-Louis;Industrie;782000;2000000;12;15,68;2;Immobilière;9;Bon
35;CLI0036;42;Ziguinchor;Commerce;257000;1000000;24;12,17;0;Immobilière;6;Douteux
36;CLI0037;;Kaolack;Industrie;175000;500000;12;16,22;0;Mobilière;31;Bon
37;CLI0038;60;Ziguinchor;Commerce;325000;5000000;60;16,5;3;Immobilière;1;Bon
38;CLI0039;39;Dakar;Agriculture;442000;500000;48;10,12;3;Mobilière;4;Douteux
39;CLI0040;25;Ziguinchor;Services;494000;1000000;48;14,57;0;Caution;21;Bon
40;CLI0041;46;Ziguinchor;Commerce;407000;10000000;12;12,72;5;Caution;1;Douteux
41;CLI0042;35;Thiès;Industrie;513000;10000000;36;16,8;4;Mobilière;10;Douteux
42;CLI0043;30;Thiès;Agriculture;225000;95000000;24;10,16;0;Immobilière;9;Bon
43;CLI0044;47;Thiès;Commerce;710000;5000000;48;14,78;1;Caution;6;Bon
44;CLI0045;23;Ziguinchor;BTP;435000;2000000;60;14,08;2;Caution;8;Bon
45;CLI0046;41;Saint-Louis;Services;651000;2000000;60;10,95;4;Immobilière;11;Bon
46;CLI0047;49;Ziguinchor;Commerce;512000;500000;36;9,37;1;Caution;3;Bon
47;CLI0048;28;Saint-Louis;Agriculture;532000;5000000;48;14,52;4;Immobilière;13;Bon
48;CLI0049;29;Saint-Louis;BTP;553000;10000000;12;15,39;1;Caution;25;Bon
49;CLI0050;56;Thiès;Agriculture;531000;10000000;60;11,16;2;;21;Bon
50;CLI0051;35;Kaolack;Agriculture;566000;1000000;36;14,45;2;Immobilière;3;Bon
51;CLI0052;38;Dakar;BTP;689000;1000000;48;11,95;3;Caution;2;Bon
52;CLI0053;57;Thiès;Agriculture;485000;10000000;48;15,13;5;Mobilière;5;Bon
53;CLI0054;61;Thiès;BTP;578000;10000000;48;9,99;1;;7;Douteux
54;CLI0055;25;Kaolack;Commerce;434000;5000000;48;16,9;3;Mobilière;8;Bon
55;CLI0056;23;Dakar;BTP;709000;2000000;48;10,87;1;Caution;17;Bon
56;CLI0057;27;Ziguinchor;BTP;328000;1000000;60;11,68;3;Immobilière;1;Contentieux
57;CLI0058;63;Ziguinchor;Services;774000;2000000;36;8,58;2;Immobilière;1;Bon
58;CLI0059;25;Thiès;BTP;443000;5000000;48;9,12;4;Immobilière;7;Bon
59;CLI0060;50;Dakar;BTP;192000;10000000;24;;3;;18;Bon
60;CLI0061;39;Thiès;Commerce;473000;2000000;24;10,68;1;Caution;3;Bon
61;CLI0062;47;Saint-Louis;Services;327000;10000000;36;16,35;1;Caution;15;Bon
62;CLI0063;55;Thiès;Industrie;601000;10000000;12;8,15;5;;5;Bon
63;CLI0064;31;Thiès;Commerce;333000;500000;12;11,79;2;Immobilière;33;Bon
64;CLI0065;57;Ziguinchor;Commerce;370000;2000000;12;11,37;1;Immobilière;34;Douteux
65;CLI0066;35;Ziguinchor;Industrie;110000;2000000;24;8,19;0;Immobilière;5;Bon
66;CLI0067;52;Ziguinchor;BTP;369000;10000000;12;9,24;4;Immobilière;4;Bon
67;CLI0068;36;Saint-Louis;Agriculture;14000;5000000;60;12,14;3;Immobilière;8;Douteux
68;CLI0069;29;Ziguinchor;Services;165000;500000;48;12,93;5;Mobilière;4;Bon
69;CLI0070;35;Dakar;Agriculture;587000;10000000;24;12,04;4;Immobilière;17;Douteux
70;CLI0071;44;Kaolack;Industrie;591000;1000000;36;13,31;2;Immobilière;26;Bon
71;CLI0072;61;Dakar;Commerce;527000;1000000;36;13,95;5;Immobilière;17;Douteux
72;CLI0073;42;Dakar;Commerce;276000;500000;48;8,1;3;Immobilière;26;Bon
73;CLI0074;37;Ziguinchor;Services;441000;5000000;24;12,64;3;;8;Douteux
74;CLI0075;39;Kaolack;Commerce;449000;10000000;12;17,63;0;Caution;3;Contentieux
75;CLI0076;45;Kaolack;Commerce;241000;2000000;12;;2;;20;Bon
76;CLI0077;47;Kaolack;Services;721000;500000;60;14,78;5;Mobilière;7;Bon
77;CLI0078;46;Saint-Louis;Services;608000;5000000;60;11,12;5;Immobilière;17;Bon
78;CLI0079;62;Ziguinchor;Industrie;410000;2000000;12;15,74;1;Caution;5;Bon
79;CLI0080;50;Kaolack;Commerce;455000;1000000;36;15,73;0;Immobilière;1;Bon
80;CLI0081;36;Saint-Louis;Commerce;488000;1000000;36;13,21;0;Immobilière;74;Bon
81;CLI0082;22;Thiès;Industrie;82000;2000000;60;17,76;5;Immobilière;3;Bon
82;CLI0083;46;Thiès;BTP;;500000;48;9,26;5;Immobilière;67;Bon
83;CLI0084;28;Saint-Louis;BTP;327000;1000000;12;8,17;4;Immobilière;57;Bon
84;CLI0085;30;Saint-Louis;BTP;270000;10000000;60;15,7;4;Immobilière;24;Bon
85;CLI0086;45;Ziguinchor;Industrie;399000;2000000;60;16,07;4;Mobilière;16;Bon
86;CLI0087;22;Ziguinchor;Commerce;774000;2000000;12;9,2;0;Immobilière;13;Bon
87;CLI0088;29;Thiès;Industrie;565000;1000000;12;10,66;1;Immobilière;980;Bon
88;CLI0089;45;Kaolack;Industrie;347000;500000;36;8,18;3;Caution;5;Bon
89;CLI0090;32;Thiès;BTP;;10000000;48;10,93;4;Immobilière;9;Bon
90;CLI0091;38;Kaolack;Agriculture;702000;500000;48;15,73;1;Immobilière;14;Bon
91;CLI0092;;Kaolack;Commerce;616000;5000000;12;13,18;2;Caution;8;Bon
92;CLI0093;56;Ziguinchor;BTP;461000;5000000;24;11,48;4;Immobilière;8;Douteux
93;CLI0094;56;Dakar;Agriculture;334000;1000000;60;11,72;3;Immobilière;6;Bon
94;CLI0095;54;Dakar;Agriculture;576000;1000000;60;8,01;2;Mobilière;12;Bon
95;CLI0096;26;Saint-Louis;Services;521000;1000000;12;11;2;Immobilière;29;Douteux
96;CLI0097;63;Ziguinchor;Commerce;611000;5000000;24;14,46;3;Mobilière;3;Douteux
97;CLI0098;60;Kaolack;Agriculture;564000;500000;36;17,74;4;Caution;41;Contentieux
98;CLI0099;62;Dakar;BTP;639000;500000;12;16,47;0;Immobilière;18;Bon
99;CLI0100;49;Kaolack;Services;354000;1000000;12;8,24;3;Mobilière;26;Bon
100;CLI0101;28;Dakar;Commerce;687000;10000000;60;16,99;3;Mobilière;12;Douteux
101;CLI0102;30;Dakar;Industrie;486000;500000;12;15,83;3;Immobilière;23;Bon
102;CLI0103;29;Dakar;BTP;824000;5000000;12;15,8;2;Mobilière;0;Bon
103;CLI0104;33;Ziguinchor;Agriculture;326000;2000000;12;12,58;1;Immobilière;26;Douteux
104;CLI0105;55;Thiès;Agriculture;762000;2000000;60;11,98;0;Mobilière;1;Douteux
105;CLI0106;54;Kaolack;BTP;486000;2000000;36;11,03;4;Immobilière;33;Contentieux
106;CLI0107;44;Ziguinchor;Agriculture;333000;10000000;36;8,66;4;Mobilière;72;Contentieux
107;CLI0108;45;Ziguinchor;Services;363000;1000000;12;10,28;1;Immobilière;5;Douteux
108;CLI0109;58;Ziguinchor;Commerce;392000;5000000;60;10,47;3;Caution;4;Bon
109;CLI0110;56;Ziguinchor;Services;526000;10000000;36;12,84;0;Immobilière;22;Douteux
110;CLI0111;;Ziguinchor;Agriculture;544000;5000000;36;15,47;4;Mobilière;4;Bon
111;CLI0112;43;Saint-Louis;Industrie;347000;5000000;36;12,74;5;Mobilière;30;Bon
112;CLI0113;48;Kaolack;Commerce;446000;1000000;60;8,58;4;Caution;2;Douteux
113;CLI0114;56;Ziguinchor;Commerce;836000;2000000;60;17,58;3;Mobilière;2;Bon
114;CLI0115;22;Kaolack;BTP;761000;1000000;12;17,43;5;Mobilière;58;Bon
115;CLI0116;56;Saint-Louis;BTP;529000;10000000;48;15,85;1;Caution;17;Bon
116;CLI0117;58;Saint-Louis;Industrie;457000;10000000;36;17,91;0;Caution;28;Douteux
117;CLI0118;35;Kaolack;Commerce;472000;10000000;48;13,44;1;Immobilière;6;Bon
118;CLI0119;24;Dakar;Industrie;560000;1000000;60;17,63;1;Mobilière;17;Douteux
119;CLI0120;22;Thiès;BTP;266000;5000000;60;8,76;0;Caution;14;Bon
120;CLI0121;26;Dakar;BTP;404000;5000000;60;;0;;14;Douteux
121;CLI0122;47;Dakar;Commerce;150000;500000;48;10,25;4;Caution;17;Douteux
122;CLI0123;35;Dakar;Services;522000;10000000;60;9,96;4;Immobilière;13;Bon
123;CLI0124;60;Ziguinchor;Agriculture;566000;5000000;12;9,41;0;Immobilière;8;Bon
124;CLI0125;48;Saint-Louis;BTP;363000;500000;60;14,22;5;Mobilière;5;Bon
125;CLI0126;;Dakar;BTP;733000;5000000;24;15,81;2;Caution;22;Contentieux
126;CLI0127;36;Saint-Louis;Services;229000;10000000;48;13,78;4;Mobilière;4;Bon
127;CLI0128;;Kaolack;Services;186000;2000000;24;9,47;2;Mobilière;18;Contentieux
128;CLI0129;47;Thiès;Industrie;490000;10000000;60;16,11;5;Caution;4;Bon
129;CLI0130;63;Kaolack;Industrie;638000;1000000;12;14,36;0;Immobilière;15;Douteux
130;CLI0131;34;Kaolack;Agriculture;753000;5000000;36;11,88;5;Caution;21;Douteux
131;CLI0132;53;Ziguinchor;Agriculture;367000;5000000;60;14,74;4;Mobilière;4;Douteux
132;CLI0133;;Thiès;Commerce;644000;1000000;12;10,6;1;Immobilière;1;Contentieux
133;CLI0134;53;Kaolack;Industrie;443000;1000000;48;11,45;0;Mobilière;2;Bon
134;CLI0135;25;Kaolack;BTP;419000;2000000;24;17,17;3;Caution;14;Bon
135;CLI0136;51;Thiès;Industrie;609000;5000000;24;10,91;2;Immobilière;28;Douteux
136;CLI0137;58;Thiès;BTP;567000;5000000;24;12,7;5;Immobilière;1;Douteux
137;CLI0138;44;Kaolack;Services;166000;2000000;48;16,9;0;;20;Bon
138;CLI0139;60;Thiès;Industrie;716000;500000;12;15,08;5;Immobilière;6;Bon
139;CLI0140;36;Kaolack;Services;698000;2000000;48;8,62;0;Mobilière;10;Bon
140;CLI0141;64;Kaolack;Agriculture;337000;10000000;24;9,47;4;Mobilière;40;Bon
141;CLI0142;50;Ziguinchor;Agriculture;521000;5000000;60;;4;Mobilière;6;Bon
142;CLI0143;57;Dakar;Commerce;539000;1000000;36;14,31;4;Mobilière;9;Bon
143;CLI0144;34;Kaolack;Industrie;497000;10000000;48;12,48;5;Immobilière;0;Douteux
144;CLI0145;53;Saint-Louis;Services;351000;5000000;48;9,34;3;Mobilière;1;Bon
145;CLI0146;28;Dakar;BTP;329000;2000000;12;17,58;4;Immobilière;4;Bon
146;CLI0147;43;Dakar;Agriculture;445000;10000000;12;13,3;0;Mobilière;0;Bon
147;CLI0148;49;Dakar;Agriculture;661000;5000000;48;10,42;4;Immobilière;15;Bon
148;CLI0149;23;Ziguinchor;BTP;;500000;24;13,01;1;Mobilière;8;Douteux
149;CLI0150;63;Kaolack;Services;383000;500000;36;14,8;4;Immobilière;12;Contentieux
150;CLI0151;27;Ziguinchor;Services;589000;1000000;12;8,76;5;Immobilière;3;Bon
151;CLI0152;49;Kaolack;Industrie;-63000;5000000;24;10,75;3;Immobilière;5;Douteux
152;CLI0153;49;Ziguinchor;Industrie;657000;500000;60;16,07;1;Immobilière;16;Douteux
153;CLI0154;41;Ziguinchor;Commerce;137000;2000000;12;12,6;5;Caution;50;Douteux
154;CLI0155;51;Saint-Louis;Agriculture;385000;5000000;24;13,47;5;Immobilière;1;Bon
155;CLI0156;32;Ziguinchor;Industrie;248000;2000000;24;12,33;5;;33;Contentieux
156;CLI0157;49;Thiès;Services;217000;2000000;36;8,44;0;;13;Bon
157;CLI0158;46;Saint-Louis;BTP;659000;500000;36;9,66;5;Mobilière;12;Bon
158;CLI0159;60;Ziguinchor;Services;366000;5000000;60;12,46;0;Immobilière;10;Bon
159;CLI0160;54;Dakar;Agriculture;512000;10000000;24;10,09;5;Immobilière;1;Bon
160;CLI0161;22;Thiès;Services;442000;500000;24;8,5;2;Caution;1;Bon
161;CLI0162;48;Thiès;Commerce;536000;500000;36;16,44;1;Immobilière;14;Bon
162;CLI0163;34;Thiès;Agriculture;464000;5000000;12;17,81;2;Immobilière;6;Bon
163;CLI0164;62;Saint-Louis;BTP;219000;5000000;12;15,93;5;Mobilière;37;Douteux
164;CLI0165;24;Ziguinchor;Commerce;;2000000;48;16,54;1;Caution;8;Douteux
165;CLI0166;60;Ziguinchor;Agriculture;361000;5000000;36;10,42;1;Caution;2;Bon
166;CLI0167;27;Dakar;BTP;170000;2000000;48;17,61;3;Immobilière;19;Douteux
167;CLI0168;29;Dakar;Commerce;373000;500000;36;9,97;2;Mobilière;5;Douteux
168;CLI0169;48;Thiès;Commerce;;1000000;60;17,51;3;Immobilière;11;Douteux
169;CLI0170;30;Dakar;Agriculture;;10000000;24;17,95;1;Immobilière;18;Bon
170;CLI0171;;Saint-Louis;Industrie;387000;500000;60;15,12;0;Caution;35;Douteux
171;CLI0172;54;Ziguinchor;Commerce;387000;5000000;36;17,81;1;Immobilière;24;Contentieux
172;CLI0173;63;Thiès;Commerce;392000;10000000;24;13,7;3;Immobilière;17;Douteux
173;CLI0174;45;Dakar;BTP;824000;1000000;12;10,6;2;Immobilière;17;Bon
174;CLI0175;36;Saint-Louis;Services;519000;1000000;12;12,37;5;Caution;44;Bon
175;CLI0176;53;Saint-Louis;Agriculture;527000;2000000;48;13,94;5;Caution;5;Bon
176;CLI0177;53;Dakar;Agriculture;635000;10000000;36;8,73;2;Mobilière;0;Bon
177;CLI0178;45;Ziguinchor;Industrie;493000;2000000;36;14,22;5;Caution;5;Bon
178;CLI0179;62;Dakar;Industrie;403000;500000;12;17,81;5;Immobilière;4;Bon
179;CLI0180;33;Thiès;Agriculture;415000;10000000;60;9,9;3;Mobilière;16;Douteux
180;CLI0181;60;Dakar;Industrie;437000;500000;24;15,93;2;Immobilière;15;Douteux
181;CLI0182;23;Saint-Louis;BTP;443000;2000000;60;17,08;4;Immobilière;14;Bon
182;CLI0183;24;Dakar;Agriculture;581000;10000000;60;17,44;0;Mobilière;0;Contentieux
183;CLI0184;58;Ziguinchor;Industrie;459000;2000000;12;17,6;0;;20;Bon
184;CLI0185;38;Kaolack;Agriculture;582000;10000000;12;13,21;5;Immobilière;6;Douteux
185;CLI0186;23;Dakar;Services;435000;2000000;12;;0;Immobilière;16;Douteux
186;CLI0187;23;Ziguinchor;Commerce;464000;1000000;48;15,57;2;Immobilière;12;Douteux
187;CLI0188;49;Ziguinchor;Agriculture;90000;2000000;60;9,62;2;Immobilière;6;Contentieux
188;CLI0189;44;Saint-Louis;Commerce;615000;1000000;36;12,77;1;;2;Bon
189;CLI0190;58;Ziguinchor;Industrie;512000;2000000;24;15,18;1;Mobilière;1;Douteux
190;CLI0191;;Ziguinchor;Commerce;630000;10000000;48;10,47;0;Mobilière;27;Bon
191;CLI0192;54;Ziguinchor;Agriculture;-71000;10000000;36;14,41;4;Caution;38;Douteux
192;CLI0193;22;Ziguinchor;Services;826000;10000000;60;14,67;1;Immobilière;16;Douteux
193;CLI0194;40;Thiès;Industrie;425000;5000000;12;9,63;1;Mobilière;2;Douteux
194;CLI0195;23;Thiès;Agriculture;649000;500000;60;13,65;2;Mobilière;8;Bon
195;CLI0196;47;Saint-Louis;Industrie;263000;10000000;24;15,72;4;Mobilière;20;Douteux
196;CLI0197;53;Dakar;BTP;560000;1000000;48;12,99;5;;23;Bon
197;CLI0198;27;Ziguinchor;Commerce;260000;10000000;48;8,12;0;Caution;2;Bon
198;CLI0199;53;Dakar;BTP;;5000000;24;8,09;1;Immobilière;0;Douteux
199;CLI0200;25;Dakar;Agriculture;795000;1000000;36;11,57;4;Caution;19;Bon
200;CLI0201;;Saint-Louis;Services;416000;5000000;36;;4;Immobilière;7;Douteux
201;CLI0202;38;Ziguinchor;Industrie;489000;1000000;48;10,29;0;Immobilière;4;Bon
202;CLI0203;59;Ziguinchor;Commerce;607000;2000000;48;14,34;4;Immobilière;0;Bon
203;CLI0204;45;Kaolack;Industrie;539000;500000;12;10,22;4;Immobilière;12;Douteux
204;CLI0205;26;Dakar;Agriculture;477000;500000;36;11,22;4;Mobilière;29;Bon
205;CLI0206;55;Dakar;Industrie;516000;5000000;24;16,48;1;Mobilière;47;Bon
206;CLI0207;27;Thiès;Commerce;883000;500000;36;15,29;0;;13;Douteux
207;CLI0208;43;Kaolack;Agriculture;440000;5000000;12;8,95;4;Mobilière;11;Bon
208;CLI0209;32;Thiès;Industrie;486000;5000000;48;12,29;4;Mobilière;1;Bon
209;CLI0210;37;Thiès;Services;639000;5000000;48;8,29;1;Immobilière;12;Bon
210;CLI0211;54;Thiès;Agriculture;649000;500000;12;12,81;0;Immobilière;7;Douteux
211;CLI0212;30;Saint-Louis;Agriculture;664000;5000000;24;14,62;2;Mobilière;14;Douteux
212;CLI0213;27;Saint-Louis;Services;565000;500000;48;9,19;1;Mobilière;7;Douteux
213;CLI0214;37;Thiès;BTP;244000;5000000;60;10,89;0;Caution;4;Bon
214;CLI0215;50;Kaolack;Commerce;744000;10000000;48;11,98;4;Immobilière;1;Douteux
215;CLI0216;24;Dakar;BTP;244000;5000000;60;17,2;0;Immobilière;6;Douteux
216;CLI0217;41;Kaolack;Industrie;504000;1000000;12;17,93;0;Mobilière;2;Douteux
217;CLI0218;57;Ziguinchor;Services;314000;5000000;12;8,45;5;Immobilière;3;Bon
218;CLI0219;40;Saint-Louis;BTP;438000;2000000;48;15,61;0;Immobilière;66;Douteux
219;CLI0220;47;Dakar;Agriculture;509000;5000000;36;11,72;2;Caution;9;Douteux
220;CLI0221;24;Dakar;Industrie;508000;1000000;60;11,92;0;Immobilière;11;Bon
221;CLI0222;40;Ziguinchor;Industrie;526000;1000000;24;15,54;2;Mobilière;31;Bon
222;CLI0223;41;Ziguinchor;BTP;740000;500000;48;17,18;4;Immobilière;81;Douteux
223;CLI0224;53;Thiès;BTP;532000;10000000;24;17,51;2;Immobilière;13;Bon
224;CLI0225;28;Saint-Louis;Services;406000;5000000;48;13,77;4;Immobilière;25;Contentieux
225;CLI0226;62;Saint-Louis;Commerce;624000;500000;36;11,57;4;Caution;6;Douteux
226;CLI0227;54;Kaolack;BTP;664000;10000000;36;;2;Immobilière;5;Bon
227;CLI0228;61;Thiès;BTP;229000;5000000;36;10,51;1;Caution;8;Bon
228;CLI0229;60;Thiès;Agriculture;558000;2000000;36;13,64;3;Immobilière;17;Bon
229;CLI0230;39;Thiès;Industrie;576000;5000000;12;11,59;0;Caution;17;Contentieux
230;CLI0231;61;Thiès;Commerce;396000;1000000;12;14,57;5;Immobilière;6;Bon
231;CLI0232;22;Saint-Louis;Agriculture;;1000000;60;10,4;3;Mobilière;2;Douteux
232;CLI0233;32;Saint-Louis;Services;423000;2000000;24;9,92;0;Mobilière;15;Bon
233;CLI0234;49;Thiès;Services;473000;500000;48;17,18;0;;2;Bon
234;CLI0235;46;Kaolack;BTP;419000;10000000;48;9,02;4;Immobilière;13;Bon
235;CLI0236;44;Dakar;BTP;453000;5000000;12;13,06;0;Immobilière;18;Bon
236;CLI0237;52;Dakar;Services;253000;1000000;48;10,21;5;Immobilière;18;Contentieux
237;CLI0238;51;Kaolack;BTP;191000;500000;12;8,39;0;Caution;21;Bon
238;CLI0239;63;Thiès;Commerce;737000;2000000;60;8,36;2;Mobilière;31;Bon
239;CLI0240;56;Saint-Louis;BTP;298000;1000000;24;9,75;3;Caution;10;Bon
240;CLI0241;28;Dakar;Industrie;;2000000;60;16,67;2;Immobilière;20;Bon
241;CLI0242;37;Ziguinchor;BTP;62000;5000000;36;10,82;5;Immobilière;14;Bon
242;CLI0243;47;Ziguinchor;Agriculture;335000;10000000;36;17,5;0;Immobilière;3;Douteux
243;CLI0244;23;Kaolack;Commerce;212000;1000000;36;13,82;5;;0;Bon
244;CLI0245;22;Thiès;Agriculture;746000;1000000;60;12,37;4;Mobilière;5;Bon
245;CLI0246;33;Dakar;Agriculture;632000;5000000;48;13,8;2;;9;Bon
246;CLI0247;26;Thiès;Industrie;326000;500000;24;13,17;2;Immobilière;14;Contentieux
247;CLI0248;58;Dakar;Commerce;855000;10000000;36;15,59;1;Mobilière;28;Bon
248;CLI0249;53;Kaolack;Commerce;627000;1000000;36;10,82;0;Mobilière;3;Bon
249;CLI0250;30;Kaolack;Commerce;;10000000;36;11,53;4;Immobilière;2;Douteux
250;CLI0251;62;Ziguinchor;Commerce;0;1000000;24;16,94;2;Caution;50;Bon
251;CLI0252;56;Thiès;Commerce;862000;10000000;36;17,46;2;;2;Bon
252;CLI0253;40;Ziguinchor;Industrie;200000;2000000;24;16,93;4;Caution;10;Bon
253;CLI0254;37;Thiès;BTP;154000;1000000;36;12,19;5;Caution;13;Douteux
254;CLI0255;24;Ziguinchor;Agriculture;634000;10000000;60;15,8;5;Immobilière;12;Bon
255;CLI0256;41;Saint-Louis;Commerce;889000;500000;60;12,76;0;Immobilière;1;Douteux
256;CLI0257;45;Saint-Louis;BTP;699000;2000000;24;12,98;1;;1;Bon
257;CLI0258;54;Saint-Louis;BTP;552000;2000000;60;10,05;2;Immobilière;2;Bon
258;CLI0259;45;Saint-Louis;Agriculture;557000;500000;24;13,91;1;Caution;13;Bon
259;CLI0260;32;Dakar;Industrie;604000;10000000;60;9,86;5;Caution;12;Bon
260;CLI0261;29;Saint-Louis;Services;587000;5000000;60;11,32;5;Mobilière;4;Douteux
261;CLI0262;57;Kaolack;Services;501000;500000;24;16,55;3;;15;Bon
262;CLI0263;59;Kaolack;BTP;469000;10000000;48;10,07;0;Immobilière;26;Bon
263;CLI0264;61;Dakar;Agriculture;;500000;60;8,71;3;Immobilière;1;Bon
264;CLI0265;41;Saint-Louis;Services;314000;500000;36;8,69;3;Immobilière;10;Contentieux
265;CLI0266;56;Saint-Louis;BTP;399000;1000000;48;17,41;3;Mobilière;18;Bon
266;CLI0267;46;Saint-Louis;Industrie;145000;10000000;24;13,07;0;Immobilière;4;Contentieux
267;CLI0268;56;Ziguinchor;Services;432000;5000000;48;12,09;0;Immobilière;6;Bon
268;CLI0269;46;Thiès;BTP;272000;1000000;12;16,11;4;Caution;14;Bon
269;CLI0270;50;Ziguinchor;BTP;251000;500000;12;16,36;1;;34;Bon
270;CLI0271;39;Thiès;Commerce;482000;500000;60;11,32;1;Immobilière;25;Bon
271;CLI0272;39;Saint-Louis;Industrie;701000;500000;60;14,94;4;Immobilière;13;Bon
272;CLI0273;23;Saint-Louis;Commerce;615000;10000000;36;15,71;4;;20;Bon
273;CLI0274;56;Ziguinchor;Agriculture;167000;10000000;48;14,55;5;Immobilière;7;Contentieux
274;CLI0275;37;Ziguinchor;Commerce;272000;1000000;12;9,52;3;Immobilière;15;Douteux
275;CLI0276;62;Thiès;Commerce;619000;5000000;60;16,76;4;Immobilière;9;Douteux
276;CLI0277;57;Kaolack;Services;273000;1000000;48;13,39;2;Mobilière;3;Bon
277;CLI0278;54;Thiès;BTP;410000;2000000;60;10,82;1;Immobilière;18;Bon
278;CLI0279;25;Ziguinchor;Industrie;549000;500000;60;12,25;4;;12;Bon
279;CLI0280;54;Ziguinchor;Commerce;276000;500000;12;8,38;2;Mobilière;7;Douteux
280;CLI0281;35;Dakar;Industrie;469000;500000;12;9,28;2;Mobilière;36;Contentieux
281;CLI0282;42;Ziguinchor;Commerce;210000;1000000;60;15,66;2;Immobilière;0;Bon
282;CLI0283;41;Dakar;Agriculture;342000;1000000;24;8;5;Mobilière;6;Bon
283;CLI0284;29;Kaolack;Commerce;508000;500000;60;12,17;5;Mobilière;1;Bon
284;CLI0285;28;Thiès;Services;163000;1000000;60;13,23;2;Caution;22;Bon
285;CLI0286;24;Thiès;BTP;529000;10000000;36;8,55;5;Caution;18;Bon
286;CLI0287;38;Dakar;Agriculture;446000;10000000;36;17,73;3;Mobilière;6;Bon
287;CLI0288;54;Thiès;Commerce;549000;1000000;36;10,26;2;;17;Douteux
288;CLI0289;33;Ziguinchor;Industrie;490000;500000;24;11,04;3;Caution;8;Bon
289;CLI0290;43;Saint-Louis;Agriculture;696000;1000000;24;11,04;3;Caution;21;Bon
290;CLI0291;43;Dakar;Agriculture;473000;1000000;60;10,3;2;Immobilière;9;Contentieux
291;CLI0292;51;Thiès;Commerce;373000;1000000;36;8,01;1;Immobilière;8;Bon
292;CLI0293;59;Dakar;Agriculture;472000;2000000;24;15,29;2;Immobilière;41;Bon
293;CLI0294;59;Dakar;Industrie;548000;10000000;12;17,67;2;Mobilière;4;Bon
294;CLI0295;29;Saint-Louis;Agriculture;459000;5000000;60;10,24;5;Mobilière;2;Bon
295;CLI0296;48;Ziguinchor;Industrie;457000;5000000;48;14,63;2;Mobilière;13;Bon
296;CLI0297;48;Dakar;Commerce;324000;2000000;60;15,42;1;Caution;52;Douteux
297;CLI0298;55;Thiès;BTP;331000;1000000;48;16,48;5;Caution;7;Bon
298;CLI0299;42;Kaolack;Agriculture;198000;2000000;36;12,23;0;;1;Bon
299;CLI0300;51;Dakar;BTP;765000;2000000;48;11,03;0;Immobilière;6;Douteux
300;CLI0301;54;Dakar;Industrie;226000;500000;36;11,25;3;Mobilière;11;Bon
301;CLI0302;49;Saint-Louis;Agriculture;325000;10000000;12;15,13;3;Immobilière;3;Douteux
302;CLI0303;;Ziguinchor;Services;321000;5000000;48;16,17;1;Immobilière;16;Douteux
303;CLI0304;26;Kaolack;BTP;611000;1000000;60;9,82;4;Immobilière;91;Bon
304;CLI0305;40;Thiès;Agriculture;397000;5000000;36;11,71;0;Immobilière;9;Douteux
305;CLI0306;25;Kaolack;BTP;675000;5000000;60;17,02;3;Mobilière;7;Bon
306;CLI0307;56;Thiès;Agriculture;329000;10000000;24;16,07;0;Caution;8;Contentieux
307;CLI0308;38;Ziguinchor;Commerce;500000;5000000;36;17,85;1;Immobilière;2;Bon
308;CLI0309;49;Thiès;BTP;300000;5000000;48;15,54;1;Caution;32;Contentieux
309;CLI0310;51;Saint-Louis;Services;836000;2000000;36;11,93;4;Mobilière;8;Douteux
310;CLI0311;50;Saint-Louis;Services;236000;10000000;60;13,91;4;Immobilière;7;Bon
311;CLI0312;27;Saint-Louis;Industrie;506000;500000;12;14,61;5;Mobilière;16;Bon
312;CLI0313;56;Saint-Louis;Agriculture;564000;1000000;36;8,78;1;Immobilière;9;Contentieux
313;CLI0314;62;Kaolack;BTP;524000;5000000;48;13,44;3;Mobilière;16;Douteux
314;CLI0315;58;Ziguinchor;Industrie;417000;1000000;24;15,09;0;Mobilière;1;Bon
315;CLI0316;45;Thiès;BTP;427000;500000;12;9,67;2;Immobilière;25;Douteux
316;CLI0317;50;Thiès;Agriculture;458000;1000000;24;15,81;4;Immobilière;42;Bon
317;CLI0318;52;Saint-Louis;Services;424000;500000;36;13,84;2;Mobilière;16;Bon
318;CLI0319;56;Saint-Louis;Commerce;623000;2000000;60;17,52;3;;46;Bon
319;CLI0320;54;Dakar;Services;848000;5000000;60;8,42;4;Immobilière;2;Bon
320;CLI0321;42;Ziguinchor;Industrie;350000;500000;48;10,65;2;Caution;10;Douteux
321;CLI0322;53;Kaolack;Commerce;203000;1000000;60;14,02;3;Mobilière;14;Bon
322;CLI0323;44;Thiès;Industrie;434000;5000000;12;10,97;0;;13;Douteux
323;CLI0324;54;Dakar;Agriculture;914000;2000000;60;15,14;3;Caution;8;Bon
324;CLI0325;24;Dakar;Commerce;305000;5000000;48;15,59;5;Mobilière;6;Bon
325;CLI0326;39;Thiès;Industrie;745000;500000;36;9,03;4;Mobilière;2;Bon
326;CLI0327;46;Kaolack;Agriculture;752000;2000000;36;13,14;1;Caution;7;Bon
327;CLI0328;63;Dakar;Services;350000;1000000;60;13,09;0;Immobilière;3;Bon
328;CLI0329;52;Dakar;Agriculture;552000;2000000;24;11,69;2;Immobilière;20;Bon
329;CLI0330;24;Ziguinchor;BTP;743000;2000000;36;17,33;4;Immobilière;4;Bon
330;CLI0331;61;Kaolack;Agriculture;382000;10000000;60;16,28;1;Caution;1;Bon
331;CLI0332;45;Dakar;Agriculture;413000;2000000;48;14,97;3;Caution;12;Bon
332;CLI0333;53;Kaolack;BTP;345000;2000000;60;15,14;1;Immobilière;14;Bon
333;CLI0334;43;Thiès;Industrie;267000;5000000;36;12,62;4;Mobilière;31;Douteux
334;CLI0335;44;Saint-Louis;Industrie;333000;1000000;48;17,21;4;Mobilière;13;Contentieux
335;CLI0336;23;Dakar;Agriculture;230000;5000000;60;14,95;5;Immobilière;6;Bon
336;CLI0337;48;Ziguinchor;BTP;456000;5000000;12;15,29;5;;24;Bon
337;CLI0338;63;Thiès;BTP;311000;500000;48;16,62;1;Immobilière;12;Bon
338;CLI0339;23;Kaolack;Services;492000;5000000;12;10,74;3;Immobilière;1;Contentieux
339;CLI0340;47;Thiès;Industrie;170000;10000000;24;16,07;1;Mobilière;13;Bon
340;CLI0341;38;Dakar;Commerce;510000;10000000;48;9,95;4;Caution;36;Bon
341;CLI0342;61;Kaolack;Industrie;600000;500000;12;11,45;4;Immobilière;8;Bon
342;CLI0343;54;Saint-Louis;Industrie;91000;1000000;36;11,36;2;Mobilière;5;Bon
343;CLI0344;;Thiès;Services;517000;1000000;36;17,79;5;Mobilière;2;Bon
344;CLI0345;64;Dakar;Commerce;671000;5000000;24;16,57;2;Immobilière;2;Douteux
345;CLI0346;60;Ziguinchor;Services;232000;5000000;48;15,01;0;Immobilière;9;Bon
346;CLI0347;50;Kaolack;Commerce;751000;5000000;48;15,27;4;Mobilière;14;Bon
347;CLI0348;63;Thiès;Agriculture;525000;1000000;48;13,62;2;Immobilière;1;Bon
348;CLI0349;47;Thiès;Commerce;323000;2000000;24;17,47;1;;42;Bon
349;CLI0350;56;Saint-Louis;Services;440000;10000000;48;12,96;5;Caution;21;Contentieux
350;CLI0351;46;Saint-Louis;Industrie;550000;2000000;36;11,81;5;;13;Bon
351;CLI0352;45;Ziguinchor;Commerce;464000;2000000;12;9,63;3;Immobilière;26;Douteux
352;CLI0353;34;Ziguinchor;Commerce;547000;1000000;36;15,86;1;;1;Bon
353;CLI0354;28;Dakar;BTP;284000;2000000;36;15,34;3;Mobilière;10;Bon
354;CLI0355;57;Dakar;Industrie;480000;500000;12;11,84;2;Immobilière;15;Contentieux
355;CLI0356;41;Ziguinchor;Agriculture;196000;5000000;36;8,25;0;Immobilière;26;Bon
356;CLI0357;22;Ziguinchor;Services;430000;500000;24;16,39;1;Immobilière;23;Douteux
357;CLI0358;29;Kaolack;Agriculture;287000;10000000;12;8,11;1;Mobilière;5;Bon
358;CLI0359;37;Saint-Louis;Industrie;318000;5000000;36;15,04;1;Mobilière;42;Douteux
359;CLI0360;35;Dakar;Commerce;672000;2000000;60;17,7;3;Immobilière;2;Bon
360;CLI0361;33;Saint-Louis;Commerce;646000;10000000;36;12,38;2;Mobilière;31;Bon
361;CLI0362;44;Saint-Louis;Industrie;560000;5000000;24;10,35;1;Immobilière;53;Douteux
362;CLI0363;36;Ziguinchor;Commerce;253000;2000000;48;15,05;1;Mobilière;3;Contentieux
363;CLI0364;49;Kaolack;Commerce;393000;500000;36;16,17;5;Immobilière;19;Contentieux
364;CLI0365;55;Thiès;Commerce;668000;5000000;48;13,46;0;Caution;1;Douteux
365;CLI0366;23;Kaolack;Services;476000;2000000;60;17,67;5;Caution;8;Douteux
366;CLI0367;53;Kaolack;Services;;500000;36;8,52;5;Mobilière;11;Bon
367;CLI0368;;Saint-Louis;BTP;521000;10000000;12;13,05;0;Immobilière;13;Bon
368;CLI0369;;Kaolack;Agriculture;485000;10000000;48;15,18;2;Immobilière;41;Bon
369;CLI0370;46;Dakar;Industrie;394000;10000000;60;16,63;5;Caution;17;Bon
370;CLI0371;43;Saint-Louis;Industrie;474000;10000000;12;9,79;2;Immobilière;10;Bon
371;CLI0372;43;Dakar;Industrie;423000;1000000;12;16;5;Immobilière;25;Bon
372;CLI0373;63;Thiès;BTP;577000;5000000;12;13,53;4;Immobilière;45;Bon
373;CLI0374;27;Saint-Louis;Services;622000;5000000;12;11,97;0;Mobilière;0;Douteux
374;CLI0375;36;Thiès;BTP;309000;1000000;36;9,32;5;Mobilière;61;Bon
375;CLI0376;64;Saint-Louis;Industrie;210000;2000000;36;16,65;4;Caution;1;Bon
376;CLI0377;58;Ziguinchor;Agriculture;;2000000;36;9,57;3;Immobilière;25;Bon
377;CLI0378;54;Kaolack;Commerce;541000;10000000;60;11,1;4;Immobilière;5;Douteux
378;CLI0379;;Ziguinchor;Services;251000;500000;60;10,9;1;Caution;2;Douteux
379;CLI0380;26;Thiès;Services;62000;2000000;60;16,71;5;Caution;9;Bon
380;CLI0381;60;Kaolack;BTP;520000;500000;24;14,73;4;Immobilière;15;Bon
381;CLI0382;25;Saint-Louis;Services;899000;5000000;60;15,97;2;Mobilière;7;Bon
382;CLI0383;27;Kaolack;Industrie;449000;500000;36;10,5;3;Immobilière;1;Bon
383;CLI0384;53;Dakar;Industrie;601000;5000000;36;14,25;5;;14;Bon
384;CLI0385;51;Kaolack;BTP;465000;1000000;24;13,72;1;Immobilière;35;Bon
385;CLI0386;56;Dakar;Industrie;432000;1000000;24;16,33;4;;7;Bon
386;CLI0387;61;Kaolack;Agriculture;615000;10000000;60;17,06;3;Mobilière;4;Bon
387;CLI0388;37;Dakar;BTP;398000;2000000;48;8,12;5;Mobilière;9;Contentieux
388;CLI0389;34;Thiès;Agriculture;498000;10000000;24;14,74;3;Immobilière;1;Contentieux
389;CLI0390;63;Ziguinchor;Commerce;508000;5000000;12;8,52;1;Mobilière;26;Bon
390;CLI0391;51;Saint-Louis;Agriculture;330000;10000000;36;;4;Mobilière;26;Bon
391;CLI0392;40;Kaolack;Commerce;629000;500000;12;10,88;3;Immobilière;13;Bon
392;CLI0393;38;Ziguinchor;Commerce;419000;5000000;36;11,07;3;Mobilière;7;Bon
393;CLI0394;40;Saint-Louis;Agriculture;314000;1000000;36;11,53;0;;24;Contentieux
394;CLI0395;49;Saint-Louis;BTP;547000;2000000;24;14,21;3;Mobilière;12;Bon
395;CLI0396;47;Dakar;Industrie;288000;5000000;24;11,34;0;Caution;26;Douteux
396;CLI0397;58;Thiès;Industrie;455000;5000000;12;15,33;4;Immobilière;15;Bon
397;CLI0398;47;Thiès;Commerce;448000;500000;36;12,05;5;Mobilière;23;Contentieux
398;CLI0399;44;Ziguinchor;Commerce;645000;2000000;12;8,68;5;Immobilière;14;Bon
399;CLI0400;30;Thiès;BTP;535000;1000000;48;15,84;4;Mobilière;8;Douteux
400;CLI0401;33;Kaolack;Services;445000;5000000;12;10,86;4;;48;Bon
401;CLI0402;22;Thiès;Agriculture;597000;5000000;60;12,33;2;Mobilière;12;Bon
402;CLI0403;22;Ziguinchor;Commerce;700000;500000;12;;4;Immobilière;14;Bon
403;CLI0404;55;Thiès;Industrie;550000;10000000;60;11,32;3;Immobilière;4;Bon
404;CLI0405;53;Kaolack;BTP;452000;1000000;60;8,57;5;Mobilière;15;Contentieux
405;CLI0406;46;Dakar;Agriculture;214000;2000000;60;11,74;1;Mobilière;13;Contentieux
406;CLI0407;61;Ziguinchor;BTP;258000;5000000;48;17,44;5;Caution;3;Douteux
407;CLI0408;22;Dakar;Agriculture;395000;5000000;12;14,42;0;Caution;1;Bon
408;CLI0409;37;Dakar;Agriculture;340000;1000000;12;14,71;5;Mobilière;14;Douteux
409;CLI0410;60;Dakar;Commerce;;10000000;48;14,32;2;Immobilière;22;Bon
410;CLI0411;26;Saint-Louis;BTP;460000;5000000;36;9,99;4;Immobilière;11;Bon
411;CLI0412;43;Saint-Louis;BTP;545000;1000000;24;12,18;4;Immobilière;4;Bon
412;CLI0413;50;Dakar;Industrie;437000;500000;12;15,51;5;Immobilière;16;Bon
413;CLI0414;24;Ziguinchor;Industrie;;10000000;24;9,01;1;Mobilière;1;Bon
414;CLI0415;33;Kaolack;Commerce;462000;2000000;48;10,78;1;Mobilière;9;Bon
415;CLI0416;47;Kaolack;Commerce;94000;5000000;36;10,76;2;Mobilière;3;Bon
416;CLI0417;37;Thiès;Services;281000;1000000;36;12,32;0;Immobilière;3;Douteux
417;CLI0418;58;Ziguinchor;Industrie;424000;500000;36;17,8;5;Immobilière;3;Bon
418;CLI0419;43;Saint-Louis;Agriculture;232000;2000000;48;8,68;4;Immobilière;7;Bon
419;CLI0420;50;Dakar;BTP;558000;1000000;60;13,19;5;Immobilière;1;Bon
420;CLI0421;35;Thiès;Commerce;726000;1000000;60;9,79;2;Caution;8;Bon
421;CLI0422;49;Kaolack;BTP;669000;2000000;24;17,71;3;Immobilière;11;Bon
422;CLI0423;26;Saint-Louis;BTP;412000;500000;60;9,13;3;Mobilière;10;Bon
423;CLI0424;51;Saint-Louis;Services;718000;500000;60;12,04;2;Immobilière;7;Bon
424;CLI0425;26;Dakar;Industrie;477000;10000000;36;15,38;4;Caution;27;Douteux
425;CLI0426;33;Kaolack;Commerce;389000;5000000;36;15,05;2;Mobilière;2;Bon
426;CLI0427;37;Ziguinchor;BTP;340000;2000000;24;12,23;4;Immobilière;11;Douteux
427;CLI0428;47;Saint-Louis;Commerce;396000;2000000;12;11,47;1;Mobilière;1;Bon
428;CLI0429;47;Dakar;Agriculture;380000;2000000;24;11,98;2;Caution;1;Bon
429;CLI0430;42;Ziguinchor;Services;481000;500000;24;10,64;4;;13;Douteux
430;CLI0431;60;Kaolack;Agriculture;479000;5000000;48;10,05;2;Immobilière;13;Bon
431;CLI0432;57;Saint-Louis;Commerce;451000;10000000;48;12,83;2;Caution;32;Bon
432;CLI0433;54;Ziguinchor;Commerce;529000;1000000;24;10,69;4;;12;Douteux
433;CLI0434;51;Ziguinchor;Industrie;664000;1000000;24;10,87;4;;48;Bon
434;CLI0435;58;Ziguinchor;BTP;621000;2000000;24;14,57;0;Mobilière;1;Douteux
435;CLI0436;44;Saint-Louis;BTP;183000;5000000;60;17,69;2;Mobilière;2;Bon
436;CLI0437;31;Saint-Louis;Agriculture;-10000;500000;48;14,04;3;Mobilière;1;Douteux
437;CLI0438;26;Thiès;Services;618000;5000000;24;8,77;2;Caution;3;Bon
438;CLI0439;57;Kaolack;BTP;204000;5000000;36;8,76;2;Mobilière;12;Bon
439;CLI0440;55;Dakar;Industrie;;500000;36;17,51;4;Mobilière;16;Bon
440;CLI0441;52;Ziguinchor;Agriculture;239000;2000000;60;10,97;2;Mobilière;1;Bon
441;CLI0442;31;Thiès;Agriculture;126000;5000000;60;8,92;5;Caution;44;Bon
442;CLI0443;40;Dakar;Industrie;547000;1000000;12;13,99;2;Caution;28;Bon
443;CLI0444;53;Thiès;Services;587000;500000;12;14,24;5;Immobilière;5;Bon
444;CLI0445;22;Saint-Louis;Industrie;346000;10000000;12;14,49;3;Caution;1;Bon
445;CLI0446;26;Ziguinchor;Services;-16000;2000000;60;10,67;4;Mobilière;3;Bon
446;CLI0447;25;Dakar;Industrie;352000;500000;60;8,15;2;Caution;2;Contentieux
447;CLI0448;37;Dakar;Industrie;521000;10000000;60;17,65;5;Mobilière;2;Bon
448;CLI0449;45;Dakar;Commerce;184000;10000000;36;10,51;5;Immobilière;11;Bon
449;CLI0450;37;Dakar;Agriculture;483000;5000000;60;14,76;5;;4;Bon
450;CLI0451;23;Dakar;Industrie;447000;5000000;36;15,07;1;Immobilière;7;Bon
451;CLI0452;49;Thiès;Industrie;554000;5000000;12;14,1;0;Caution;68;Contentieux
452;CLI0453;53;Ziguinchor;BTP;;500000;12;11,13;3;Mobilière;17;Bon
453;CLI0454;48;Saint-Louis;Agriculture;275000;500000;12;10,71;2;Mobilière;45;Contentieux
454;CLI0455;41;Saint-Louis;BTP;665000;2000000;24;13,98;1;Immobilière;2;Bon
455;CLI0456;45;Saint-Louis;Agriculture;421000;5000000;24;16,66;2;Mobilière;7;Douteux
456;CLI0457;33;Saint-Louis;BTP;445000;10000000;48;17,47;2;Immobilière;12;Bon
457;CLI0458;56;Thiès;Industrie;282000;1000000;48;9,06;4;Immobilière;1;Douteux
458;CLI0459;54;Kaolack;Industrie;370000;2000000;48;9,55;4;Immobilière;0;Bon
459;CLI0460;54;Ziguinchor;Commerce;291000;500000;24;17,45;4;Immobilière;17;Bon
460;CLI0461;64;Dakar;BTP;419000;2000000;24;15,37;1;;15;Bon
461;CLI0462;58;Kaolack;Services;758000;2000000;48;16,83;2;;8;Bon
462;CLI0463;33;Saint-Louis;Commerce;203000;2000000;48;10,03;0;Immobilière;10;Contentieux
463;CLI0464;24;Kaolack;BTP;160000;2000000;60;13,88;3;Caution;8;Bon
464;CLI0465;22;Ziguinchor;BTP;715000;1000000;48;15,01;4;Immobilière;0;Bon
465;CLI0466;54;Dakar;Commerce;412000;5000000;60;14,8;4;Mobilière;6;Douteux
466;CLI0467;61;Dakar;Industrie;330000;10000000;36;12,08;2;Caution;3;Bon
467;CLI0468;31;Ziguinchor;BTP;637000;2000000;24;8,15;2;;2;Contentieux
468;CLI0469;64;Ziguinchor;Industrie;341000;2000000;48;13,83;1;Mobilière;47;Douteux
469;CLI0470;50;Saint-Louis;Commerce;779000;2000000;24;10,53;1;Caution;14;Bon
470;CLI0471;34;Dakar;Industrie;572000;5000000;24;12,5;4;Immobilière;20;Douteux
471;CLI0472;33;Kaolack;Agriculture;362000;500000;24;17,58;2;;6;Bon
472;CLI0473;52;Thiès;Services;838000;500000;36;11,99;0;Immobilière;7;Bon
473;CLI0474;23;Thiès;BTP;341000;1000000;12;16,4;3;Mobilière;4;Bon
474;CLI0475;56;Ziguinchor;Services;584000;500000;48;9,89;2;Mobilière;2;Bon
475;CLI0476;44;Saint-Louis;Industrie;504000;2000000;12;14,72;2;Mobilière;3;Douteux
476;CLI0477;38;Thiès;BTP;684000;2000000;12;17,77;5;Immobilière;24;Contentieux
477;CLI0478;47;Dakar;Industrie;731000;2000000;12;9,02;1;;17;Bon
478;CLI0479;29;Ziguinchor;Agriculture;456000;1000000;24;8,08;3;Immobilière;12;Bon
479;CLI0480;50;Kaolack;Commerce;314000;2000000;60;12,34;4;Mobilière;10;Contentieux
480;CLI0481;47;Ziguinchor;BTP;533000;500000;24;8,93;2;Immobilière;38;Bon
481;CLI0482;31;Kaolack;Agriculture;328000;5000000;24;15,48;4;Immobilière;1;Bon
482;CLI0483;47;Ziguinchor;Agriculture;812000;5000000;12;17,15;2;Mobilière;5;Bon
483;CLI0484;55;Ziguinchor;BTP;;10000000;24;12,34;4;Mobilière;6;Contentieux
484;CLI0485;62;Ziguinchor;Industrie;;500000;12;10,59;3;Immobilière;23;Bon
485;CLI0486;28;Kaolack;Agriculture;483000;2000000;60;12,34;1;Immobilière;73;Douteux
486;CLI0487;25;Kaolack;Services;208000;5000000;48;15,23;3;Mobilière;4;Douteux
487;CLI0488;32;Ziguinchor;Agriculture;275000;500000;12;8,09;5;Caution;31;Bon
488;CLI0489;50;Thiès;Industrie;666000;5000000;60;13,89;0;Caution;27;Bon
489;CLI0490;57;Saint-Louis;Industrie;332000;2000000;48;14,13;1;Immobilière;4;Douteux
490;CLI0491;46;Saint-Louis;Services;262000;5000000;36;14,38;3;Immobilière;8;Bon
491;CLI0492;42;Saint-Louis;Agriculture;547000;10000000;12;10,42;5;Immobilière;8;Douteux
492;CLI0493;57;Kaolack;Industrie;663000;10000000;12;15,14;0;Immobilière;57;Contentieux
493;CLI0494;31;Kaolack;BTP;579000;5000000;36;8,91;5;Mobilière;3;Bon
494;CLI0495;58;Thiès;Commerce;629000;500000;36;;2;Mobilière;24;Douteux
495;CLI0496;30;Saint-Louis;Commerce;314000;500000;12;16,77;2;Immobilière;6;Douteux
496;CLI0497;45;Saint-Louis;Commerce;194000;500000;36;15,39;4;Immobilière;20;Douteux
497;CLI0498;56;Ziguinchor;Agriculture;720000;5000000;24;8,14;1;Immobilière;8;Bon
498;CLI0499;56;Kaolack;Services;392000;500000;48;10,48;2;Caution;13;Bon
499;CLI0500;57;Saint-Louis;Industrie;405000;2000000;48;10,14;5;;27;Bon
500;CLI0011;32;Dakar;BTP;643000;2000000;12;14,33;2;Mobilière;13;Bon
501;CLI0056;23;Dakar;BTP;709000;2000000;48;10,87;1;Caution;17;Bon
502;CLI0121;26;Dakar;BTP;404000;5000000;60;;0;;14;Douteux
